sentence,book,word_count,afinn,bing,nrc,sentimentR,nrc.anger,nrc.anticipation,nrc.disgust,nrc.fear,nrc.joy,nrc.sadness,nrc.surprise,nrc.trust,nrc.negative,nrc.positive,anger.perc,sadness.perc,joy.perc,anticipation.perc,disgust.perc,trust.perc,surprise.perc,fear.perc
but behind us the attack crashes ever nearer.,allquietonthewesternfront,8,-1,-2,-1,-1.39,1,0,0,1,0,0,0,0,1,0,12.5,0,0,0,0,0,0,12.5
but i smile- -kat is saved.,allquietonthewesternfront,6,4,1,1,1.42,0,0,0,0,1,0,1,1,0,1,0,0,16.67,0,0,16.67,16.67,0
"i wage a wild and senseless fight, i want to get out of the hollow and yet slide back into it again; i say ""you must, it is your comrades, it is not an idiotic command,"" and again: ""what does it matter to me, i have only one life to lose--"" that is the result of all this leave, i plead in extenuation.",allquietonthewesternfront,63,-3,-5,-7,-0.16,4,1,3,3,0,4,4,0,7,0,6.35,6.35,0,1.59,4.76,0,6.35,4.76
"more than that, they are so much a matter of course that their comfortable performance is fully as much enjoyed as the playing of a safe top running flush.",allquietonthewesternfront,29,6,4,4,1.63,0,1,0,0,1,0,0,3,0,4,0,0,3.45,3.45,0,10.34,0,0
"the latrine poles are always densely crowded; the people at home ought to be shown these grey, yellow, miserable, wasted faces here, these bent figures from whose bodies the colic wrings out the blood, and who with lips trembling and distorted with pain, grin at one another and say: ""it is not much sense pulling up one's trousers again--"" our artillery is fired out, it has too few shells and the barrels are so worn that they shoot uncertainly, and scatter so widely as even to fall on ourselves.",allquietonthewesternfront,89,-16,-7,-8,-0.49,3,1,3,4,1,4,1,1,10,2,3.37,4.49,1.12,1.12,3.37,1.12,1.12,4.49
"we see time pass in the colourless faces of the dying, we cram food into us, we run, we throw, we shoot, we kill, we lie about, we are feeble and spent, and nothing supports us but the knowledge that there are still feebler, still more spent, still more helpless ones there who, with staring eyes, look upon us as gods that escape death many times.",allquietonthewesternfront,66,-9,-5,-7,-0.56,4,3,3,6,1,6,1,1,10,3,6.06,9.09,1.52,4.55,4.55,1.52,1.52,9.09
"when a shell lands in the trench we note how the hollow, furious blast is like a blow from the paw of a raging beast of prey.",allquietonthewesternfront,27,-1,-3,-7,-0.73,5,0,2,5,0,2,2,0,7,0,18.52,7.41,0,0,7.41,0,7.41,18.52
"with one lunge, i shoot as flat as a fish over the ground; there it whistles again, quickly i crouch together, claw for cover, feel something on the left, shove in beside it, it gives way, i groan, the earth leaps, the blast thunders in my ears, i creep under the yielding thing, cover myself with it, draw it over me, it is wood, cloth, cover, cover, miserable cover against the whizzing splinters.",allquietonthewesternfront,73,-4,-2,-7,-0.42,5,0,2,4,0,2,2,2,7,0,6.85,2.74,0,0,2.74,2.74,2.74,5.48
"'neath pleasure's lash, the grim high executioner, mortal souls, that vile and worthless throng, reap grim remorse amidst the abject ceremony, pain, take my hand; let us now along ...",atomised,29,-9,-5,-7,-1.43,4,1,3,4,1,5,1,0,8,1,13.79,17.24,3.45,3.45,10.34,0,3.45,13.79
"certainly he was not of the stuff of great researchers, but he was capable of turning to his advantage the enormous respect the scientific community had for djerzinski and his work.",atomised,31,6,5,4,1.48,0,1,0,0,1,0,0,2,0,4,0,0,3.23,3.23,0,6.45,0,0
"his teacher quickly realized that he was an exceptional pupil, a child of considerable intelligence with a gift for abstract thought—qualities which would have little opportunity to develop in peasant society.",atomised,32,4,2,7,0.59,0,5,0,1,3,0,1,2,0,7,0,0,9.38,15.62,0,6.25,3.12,3.12
"the litany of troubles in those few short weeks had overwhelmed her: the slow agony of her husband's death, the hurried departure from algiers and the arduous search for an apartment, finding one at last in a filthy housing project in the northeast of marseilles.",atomised,45,-4,-7,-7,-0.48,2,2,2,2,0,4,1,0,7,0,4.44,8.89,0,4.44,4.44,0,2.22,4.44
"this reveals the extent to which, in all western societies and particularly in the most advanced segments represented by the new age movement, there had been an acceptance of the idea that a fundamental shift was indispensable if society was to survive-a shift which would credibly restore a sense of community, of permanence and of the sacred.",atomised,58,2,1,7,0.98,0,0,0,0,0,0,0,1,0,7,0,0,0,0,0,1.72,0,0
"for this far violet line could be nothing else than the terrible mountains of the forbidden land—highest of earth’s peaks and focus of earth’s evil; harbourers of nameless horrors and archaean secrets; shunned and prayed to by those who feared to carve their meaning; untrodden by any living thing of earth, but visited by the sinister lightnings and sending strange beams across the plains in the polar night—beyond doubt the unknown archetype of that dreaded kadath in the cold waste beyond abhorrent leng, whereof unholy primal legends hint evasively.",atthemountainsofmadness,93,-14,-10,-9,-1.58,4,2,6,9,1,4,1,1,12,3,4.3,4.3,1.08,2.15,6.45,1.08,1.08,9.68
"of the whereabouts of that less conceivable and less mentionable nightmare—that foetid, unglimpsed mountain of slime-spewing protoplasm whose race had conquered the abyss and sent land pioneers to re-carve and squirm through the burrows of the hills—we could form no guess; and it cost us a genuine pang to leave this probably crippled old one—perhaps a lone survivor—to the peril of recapture and a nameless fate.",atthemountainsofmadness,72,-2,-6,-7,-0.01,0,3,3,3,0,5,3,1,9,2,0,6.94,0,4.17,4.17,1.39,4.17,4.17
"the sheer appalling antiquity and lethal desolation of the place were enough to overwhelm almost any sensitive person, but added to these elements were the recent unexplained horror at the camp, and the revelations all too soon effected by the terrible mural sculptures around us.",atthemountainsofmadness,45,-5,-4,-7,-0.56,2,1,4,5,0,5,1,0,7,0,4.44,11.11,0,2.22,8.89,0,2.22,11.11
"tough as leather, but astonishing flexibility retained in places.",atthemountainsofmadness,9,-1,3,0,1.28,0,0,0,0,0,1,0,0,1,1,0,11.11,0,0,0,0,0,0
"‘ah, dear hans,’ said elsie, ‘if we marry each other and have a child, and he is big, and we perhaps send him here to draw something to drink, then the pick-axe which has been left up there might dash his brains out if it were to fall down, so have we not reason to weep?’ ‘come,’ said hans, ‘more understanding than that is not needed for my household, as you are such a clever elsie, i will have you,’ and seized her hand, took her upstairs with him, and married her.",brothersgrimm,93,2,-1,7,0.22,0,2,0,1,2,2,1,2,2,9,0,2.15,2.15,2.15,0,2.15,1.08,1.08
"‘i hardly know where i am going, or what i had better do,’ said the soldier; ‘but i think i should like very well to find out where it is that the princesses dance, and then in time i might be a king.’ ‘well,’ said the old dame, ‘that is no very hard task: only take care not to drink any of the wine which one of the princesses will bring to you in the evening; and as soon as she leaves you pretend to be fast asleep.’ then she gave him a cloak, and said, ‘as soon as you put that on you will become invisible, and you will then be able to follow the princesses wherever they go.’ when the soldier heard all this good counsel, he determined to try his luck: so he went to the king, and said he was willing to undertake the task.",brothersgrimm,149,11,4,8,0.79,2,3,1,0,3,1,2,4,1,9,1.34,0.67,2.01,2.01,0.67,2.68,1.34,0
"‘when you are half-way over, throw it down, and out of the waters will immediately spring up a high nut-tree on which the griffin will be able to rest, otherwise he would not have the strength to bear you the whole way; if, therefore, thou dost forget to throw down the nut, he will let you both fall into the sea.’ so our poor wanderer went forth, and found all as the night-wind had said; and she plucked the eleventh rod, and smote the dragon, and the lion forthwith became a prince, and the dragon a princess again.",brothersgrimm,101,-1,-2,7,0.01,2,2,1,4,2,1,1,4,3,10,1.98,0.99,1.98,1.98,0.99,3.96,0.99,3.96
"‘would not you like,’ said he, ‘to be a tailor?’ ‘oh, no!’ said the young man; ‘sitting cross-legged from morning to night, working backwards and forwards with a needle and goose, will never suit me.’ ‘oh!’ answered the man, ‘that is not my sort of tailoring; come with me, and you will learn quite another kind of craft from that.’ not knowing what better to do, he came into the plan, and learnt tailoring from the beginning; and when he left his master, he gave him a needle, and said, ‘you can sew anything with this, be it as soft as an egg or as hard as steel; and the joint will be so fine that no seam will be seen.’ after the space of four years, at the time agreed upon, the four brothers met at the four cross-roads; and having welcomed each other, set off towards their father’s home, where they told him all that had happened to them, and how each had learned some craft.",brothersgrimm,171,9,4,8,0.14,1,3,1,1,3,1,1,3,2,10,0.58,0.58,1.75,1.75,0.58,1.75,0.58,0.58
"and as they came to the wood where the fox first met them, it was so cool and pleasant that the two brothers said, ‘let us sit down by the side of the river, and rest a while, to eat and drink.’ so he said, ‘yes,’ and forgot the fox’s counsel, and sat down on the side of the river; and while he suspected nothing, they came behind, and threw him down the bank, and took the princess, the horse, and the bird, and went home to the king their master, and said.",brothersgrimm,94,4,3,8,0.48,0,1,0,0,1,0,1,4,0,8,0,0,1.06,1.06,0,4.26,1.06,0
"at the same time three ravens flew down to him, perched themselves upon his knee, and said: ‘we are the three young ravens whom you saved from starving; when we had grown big, and heard that you were seeking the golden apple, we flew over the sea to the end of the world, where the tree of life stands, and have brought you the apple.’ the youth, full of joy, set out homewards, and took the golden apple to the king’s beautiful daughter, who had now no more excuses left to make.",brothersgrimm,93,6,2,8,0.5,2,4,1,1,6,0,3,1,1,9,2.15,0,6.45,4.3,1.08,1.08,3.23,1.08
"he has a bird’s heart that brings a piece of gold under his pillow every morning.’ meantime the huntsman came nearer and looked at the lady, and said to himself, ‘i have been travelling so long that i should like to go into this castle and rest myself, for i have money enough to pay for anything i want’; but the real reason was, that he wanted to see more of the beautiful lady.",brothersgrimm,75,5,4,8,0.56,1,3,0,0,3,0,1,3,0,8,1.33,0,4,4,0,4,1.33,0
"little does my lady dream rumpelstiltskin is my name!” when the queen heard this she jumped for joy, and as soon as her little friend came she sat down upon her throne, and called all her court round to enjoy the fun; and the nurse stood by her side with the baby in her arms, as if it was quite ready to be given up.",brothersgrimm,65,10,4,7,0.54,1,4,0,1,5,0,0,4,0,7,1.54,0,7.69,6.15,0,6.15,0,1.54
"my dead cousin was here, and a bearded man came and showed me a great deal of money down below, but no one told me what it was to shudder.’ ‘then,’ said the king, ‘you have saved the castle, and shall marry my daughter.’ ‘that is all very well,’ said he, ‘but still i do not know what it is to shudder!’ then the gold was brought up and the wedding celebrated; but howsoever much the young king loved his wife, and however happy he was, he still said always: ‘if i could but shudder--if i could but shudder.’ and this at last angered her.",brothersgrimm,106,10,5,8,0.59,1,6,0,2,7,0,4,4,1,9,0.94,0,6.6,5.66,0,3.77,3.77,1.89
"she was, moreover, very shrewd and clever; and the miller was so proud of her, that he one day told the king of the land, who used to come and hunt in the wood, that his daughter could spin gold out of straw.",brothersgrimm,43,4,3,7,0.39,0,1,0,0,2,0,0,1,0,7,0,0,4.65,2.33,0,2.33,0,0
"the turnip clever hans the three languages the fox and the cat the four clever brothers lily and the lion the fox and the horse the blue light the raven the golden goose the water of life the twelve huntsmen the king of the golden mountain doctor knowall the seven ravens the wedding of mrs fox first story second story the salad the story of the youth who went forth to learn what fear was king grisly-beard iron hans cat-skin snow-white and rose-red the brothers grimm fairy tales the golden bird a certain king had a beautiful garden, and in the garden stood a tree which bore golden apples.",brothersgrimm,113,2,0,8,0.81,3,4,2,4,5,1,2,5,3,11,2.65,0.88,4.42,3.54,1.77,4.42,1.77,3.54
"then she began to howl quite horribly, but gretel ran away and the godless witch was miserably burnt to death.",brothersgrimm,20,-2,-2,-7,-1.95,4,1,4,3,0,3,2,0,7,0,20,15,0,5,20,0,10,15
"then the queen took pity on the little fish, and threw it back again into the river; and before it swam away it lifted its head out of the water and said, ‘i know what your wish is, and it shall be fulfilled, in return for your kindness to me--you will soon have a daughter.’ what the little fish had foretold soon came to pass; and the queen had a little girl, so very beautiful that the king could not cease looking on it for joy, and said he would hold a great feast and make merry, and show the child to all the land.",brothersgrimm,106,13,4,8,0.34,0,1,0,0,5,1,0,1,0,8,0,0.94,4.72,0.94,0,0.94,0,0
"when he found himself safe, he was overjoyed to think that he had got the water of life; and as he was going on his way homewards, he passed by the little dwarf, who, when he saw the sword and the loaf, said, ‘you have made a noble prize; with the sword you can at a blow slay whole armies, and the bread will never fail you.’ then the prince thought to himself, ‘i cannot go home to my father without my brothers’; so he said, ‘my dear friend, cannot you tell me where my two brothers are, who set out in search of the water of life before me, and never came back?’ ‘i have shut them up by a charm between two mountains,’ said the dwarf, ‘because they were proud and ill-behaved, and scorned to ask advice.’ the prince begged so hard for his brothers, that the dwarf at last set them free, though unwillingly, saying, ‘beware of them, for they have bad hearts.’ their brother, however, was greatly rejoiced to see them, and told them all that had happened to him; how he had found the water of life, and had taken a cup full of it; and how he had set a beautiful princess free from a spell that bound her; and how she had engaged to wait a whole year, and then to marry him, and to give him the kingdom.",brothersgrimm,237,14,2,8,0.47,3,6,2,4,8,2,1,10,7,15,1.27,0.84,3.38,2.53,0.84,4.22,0.42,1.69
"when they had brought home the princess to her father, there was great rejoicing; and he said to the four brothers, ‘one of you shall marry her, but you must settle amongst yourselves which it is to be.’ then there arose a quarrel between them; and the star-gazer said, ‘if i had not found the princess out, all your skill would have been of no use; therefore she ought to be mine.’ ‘your seeing her would have been of no use,’ said the thief, ‘if i had not taken her away from the dragon; therefore she ought to be mine.’ ‘no, she is mine,’ said the huntsman; ‘for if i had not killed the dragon, he would, after all, have torn you and the princess into pieces.’ ‘and if i had not sewn the boat together again,’ said the tailor, ‘you would all have been drowned, therefore she is mine.’ then the king put in a word, and said, ‘each of you is right; and as all cannot have the young lady, the best way is for neither of you to have her: for the truth is, there is somebody she likes a great deal better.",brothersgrimm,197,6,5,7,0.26,2,5,1,3,6,1,5,7,3,10,1.02,0.51,3.05,2.54,0.51,3.55,2.54,1.52
"at the time i saw no reason to dissent from this dictum, but latterly i am inclined to wonder—and more than wonder.",callofcthulhu,23,-1,0,1,1.46,0,1,0,0,0,0,0,1,0,1,0,0,0,4.35,0,4.35,0,0
"it was voodoo, apparently, but voodoo of a more terrible sort than they had ever known; and some of their women and children had disappeared since the malevolent tom-tom had begun its incessant beating far within the black haunted woods where no dweller ventured.",callofcthulhu,45,-8,-3,-7,-0.95,3,1,2,4,0,5,0,0,7,0,6.67,11.11,0,2.22,4.44,0,0,8.89
"the emma’s men shewed fight, says the survivor, and though the schooner began to sink from shots beneath the waterline they managed to heave alongside their enemy and board her, grappling with the savage crew on the yacht’s deck, and being forced to kill them all, the number being slightly superior, because of their particularly abhorrent and desperate though rather clumsy mode of fighting.",callofcthulhu,66,-9,-4,-8,-0.97,5,1,3,6,0,1,0,1,9,1,7.58,1.52,0,1.52,4.55,1.52,0,9.09
"'chaplain,' resumed the officer without insignia at a more leisurely pace, lifting a typewritten sheet of yellow paper from the open folder, 'i have a signed statement here from colonel cathcart asserting you stole that plum tomato from him.'",catch22,39,0,-1,7,0.17,0,0,0,0,0,0,0,4,0,7,0,0,0,0,0,10.26,0,0
"'that would have been most unjust,' he scolded firmly.",catch22,9,-2,-2,-1,-1.68,1,0,0,0,0,0,0,0,1,0,11.11,0,0,0,0,0,0,0
"'the real trick lies in losing wars, in knowing which wars can be lost.",catch22,14,-6,-4,-1,-1.87,1,0,0,0,0,2,1,1,3,2,7.14,14.29,0,0,0,7.14,7.14,0
"but no, it was not, and they sent this guy around just to make sure i really did have one leg amputated at the hip and was helplessly bedridden with incurable rheumatoid arthritis.",catch22,33,-1,-1,-1,-1.58,1,0,1,1,0,1,0,0,1,0,3.03,3.03,0,0,3.03,0,0,3.03
but you will accept it quickly enough.',catch22,7,1,1,0,1.61,0,0,0,0,0,0,0,0,0,0,0,0,0,0,0,0,0,0
"captain flume is already working on glowing press releases describing your valor over ferrara, your deep and abiding loyalty to your outfit and your consummate dedication to duty.",catch22,28,3,4,7,0.78,0,0,0,0,0,0,0,2,0,7,0,0,0,0,0,7.14,0,0
"colonel cathcart went away from general dreedle with a gulp and kicked the chaplain out of the officers' club, and it was exactly the way it almost was two months later after the chaplain had tried to persuade colonel cathcart to rescind his order increasing the number of missions to sixty and had failed abysmally in that endeavor too, and the chaplain was ready now to capitulate to despair entirely but was restrained by the memory of his wife, whom he loved and missed so pathetically with such sensual and exalted ardor, and by the lifelong trust he had placed in the wisdom and justice of an immortal, omnipotent, omniscient, humane, universal, anthropomorphic, english-speaking, anglo-saxon, pro-american god, which had begun to waver.",catch22,125,2,1,8,0.45,1,5,1,5,3,1,2,11,4,12,0.8,0.8,2.4,4,0.8,8.8,1.6,4
"gasping furiously for air, clevinger enumerated yossarian's symptoms: an unreasonable belief that everybody around him was crazy, a homicidal impulse to machine-gun strangers, retrospective falsification, an unfounded suspicion that people hated him and were conspiring to kill him.",catch22,39,-9,-8,-7,-1.37,5,0,0,6,0,2,0,1,7,0,12.82,5.13,0,0,0,2.56,0,15.38
"general dreedle devoured fresh eggs for breakfast, lunch and dinner - between meals he devoured more fresh eggs - until milo located abundant sources of fresh veal, beef, duck, baby lamb chops, mushroom caps, broccoli, south african rock lobster tails, shrimp, hams, puddings, grapes, ice cream, strawberries and artichokes.",catch22,47,1,2,8,0.69,0,1,0,0,4,1,1,3,0,8,0,2.13,8.51,2.13,0,6.38,2.13,0
"general dreedle's nurse always followed general dreedle everywhere he went, even into the briefing room just before the mission to avignon, where she stood with her asinine smile at the side of the platform and bloomed like a fertile oasis at general dreedle's shoulder in her pink-and-green uniform.",catch22,50,4,3,7,0.53,0,1,0,0,3,0,1,6,0,7,0,0,6,2,0,12,2,0
"he shouted with dread, stunned by the haggard, sparking anguish in dunbar's eyes and by his crazed look of wild shock and horror.",catch22,23,-9,-4,-8,-1.02,4,1,1,6,0,3,4,0,8,0,17.39,13.04,0,4.35,4.35,0,17.39,26.09
he wanted to pour out to her in torrents of self-pity all his unbearable loneliness and despair and warn her never to leave the boric acid or the aspirin in reach of the children or to cross a street against the traffic light.,catch22,44,-7,-4,-7,-0.26,2,1,2,4,0,6,2,1,7,0,4.55,13.64,0,2.27,4.55,2.27,4.55,9.09
"his meditations were polluted with threats of dread diseases like ewing's tumor and leukemia; he saw his infant son die two or three times every week because he had never taught his wife how to stop arterial bleeding; watched, in tearful, paralyzed silence, his whole family electrocuted, one after the other, at a baseboard socket because he had never told her that a human body would conduct electricity; all four went up in flames almost every night when the water heater exploded and set the two-story wooden house afire; in ghastly, heartless, revolting detail he saw his poor dear wife's trim and fragile body crushed to a viscous pulp against the brick wall of a market building by a half-wined drunken automobile driver and watched his hysterical five-year-old daughter being led away from the grisly scene by a kindly middle-aged gentleman with snow-white hair who raped and murdered her repeatedly as soon as he had driven her off to a deserted sandpit, while his two younger children starved to death slowly in the house after his wife's mother, who had been baby-sitting, dropped dead from a heart attack when news of his wife's accident was given to her over the telephone.",catch22,208,-25,-16,-10,-0.71,8,5,9,18,5,12,4,4,20,10,3.85,5.77,2.4,2.4,4.33,1.92,1.92,8.65
"it made as much sense as anything else, and yossarian was willing to give orr the benefit of the doubt because orr was from the wilderness outside new york city and knew so much more about wildlife than yossarian did, and because orr, unlike yossarian's mother, father, sister, brother, aunt, uncle, in-law, teacher, spiritual leader, legislator, neighbor and newspaper, had never lied to him about anything crucial before.",catch22,69,-1,1,7,0.77,0,3,0,2,1,3,0,11,2,9,0,4.35,1.45,4.35,0,15.94,0,2.9
"mcwatt was too busy responding at the controls to yossarian's strident instructions as yossarian slipped the plane in on the bomb run and then whipped them all away violently around the ravenous pillars of exploding shells with curt, shrill, obscene commands to mcwatt that were much like the anguished, entreating nightmare yelpings of hungry joe in the dark.",catch22,58,-4,-7,-7,-0.95,4,2,2,5,0,4,2,1,7,0,6.9,6.9,0,3.45,3.45,1.72,3.45,8.62
"officers' clubs everywhere pulsated with blurred but knowing accounts of lavish, hushed-up drinking and sex orgies there and of secret, intimate nights of ecstasy with the most beautiful, the most tantalizing, the most readily aroused and most easily satisfied italian courtesans, film actresses, models and countesses.",catch22,47,5,6,6,2.04,0,4,0,0,6,0,1,4,3,9,0,0,12.77,8.51,0,8.51,2.13,0
"the clinging, overpowering conviction of death spread steadily with the continuing rainfall, soaking mordantly into each man's ailing countenance like the corrosive blot of some crawling disease.",catch22,27,0,-3,-7,-0.75,3,1,2,5,0,3,1,0,7,0,11.11,11.11,0,3.7,7.41,0,3.7,18.52
"the delirious man with the fever and the crushed toes sank to the floor and wept in pain while other men tripped over him and hurt him more in their blind, milling, agonized stampede.",catch22,34,-12,-7,-5,-1.63,2,0,1,4,0,4,0,0,5,0,5.88,11.76,0,0,2.94,0,0,11.76
"the girl screeched in feminine outrage and waddled comically after the scheming ten-year-old pimp, her grisly, bleak, violated scalp slithering up and down ludicrously around the queer darkened wart of her face like something bleached and obscene.",catch22,39,-5,-6,-7,-1.08,1,0,4,2,0,2,0,0,7,0,2.56,5.13,0,0,10.26,0,0,5.13
"the planes were decorated with flamboyant squadron emblems illustrating such laudable ideals as courage, might, justice, truth, liberty, love, honor and patriotism that were painted out at once by milo's mechanics with a double coat of flat white and replaced in garish purple with the stenciled name m & m enterprises, fine fruits and produce.",catch22,54,11,5,7,0.93,0,2,1,0,3,0,2,5,1,8,0,0,5.56,3.7,1.85,9.26,3.7,0
"to german intelligence, major - de coverley was a vexatious enigma; not one of the hundreds of american prisoners would ever supply any concrete information about the elderly white-haired officer with the gnarled and menacing brow and blazing, powerful eyes who seemed to spearhead every important advance so fearlessly and successfully.",catch22,51,2,4,8,0.92,2,3,1,4,4,0,1,5,1,9,3.92,0,7.84,5.88,1.96,9.8,1.96,7.84
"yes, positively beautiful.",catch22,3,6,2,1,1.33,0,0,0,0,1,0,0,0,0,1,0,0,33.33,0,0,0,0,0
"'the teavee household,’ said mr bucket, going on with his reading, 'was crammed, like all the others, with excited visitors when our reporter arrived, but young mike teavee, the lucky winner, seemed extremely annoyed by the whole business.",charlieandthechocolatefactory,38,10,3,7,0.56,0,3,0,0,4,0,4,2,0,7,0,0,10.53,7.89,0,5.26,10.53,0
"but this revolting boy, ofcourse, was so unutterably vile, so greedy, foul, and infantile, he left a most disgusting taste inside our mouths, and so in haste we chose a thing that, come what may, would take the nasty taste away.",charlieandthechocolatefactory,41,-11,-7,-7,-0.97,5,1,7,4,0,1,0,0,7,0,12.2,2.44,0,2.44,17.07,0,0,9.76
the very finest quality.,charlieandthechocolatefactory,4,0,1,0,1.35,0,0,0,0,0,0,0,0,0,0,0,0,0,0,0,0,0,0
"but i played with care, with great care, the greatest, saying, smiling: ""good.",clockworkorange,13,13,4,2,1.59,0,1,0,0,2,0,1,1,0,2,0,0,15.38,7.69,0,7.69,7.69,0
"but the throb and like crash crash crash in my gulliver and the wanting to be sick and the terrible dry rasping thirstiness in my rot, all were worse than yesterday.",clockworkorange,31,-8,-5,-7,-1.17,1,0,3,5,0,7,1,0,7,0,3.23,22.58,0,0,9.68,0,3.23,16.13
good good good.,clockworkorange,3,3,1,1,1.3,0,1,0,0,1,0,1,1,0,1,0,0,33.33,33.33,0,33.33,33.33,0
"great music, it said, and great poetry would like quieten modern youth down and make modern youth more civilized.",clockworkorange,19,5,3,3,1.54,1,1,0,1,3,1,1,1,0,3,5.26,5.26,15.79,5.26,0,5.26,5.26,5.26
"i know, i know, my friends, i have been informed in visions that there is a place, darker than any prison, hotter than any flame of human fire, where souls of unrepentant criminal sinners like yourselves - and do not leer at me, damn you, do not laugh - like yourselves, i say, scream in endless and intolerable agony, their noses choked with the smell of filth, their mouths crammed with burning ordure, their skin peeling and rotting, a fireball spinning in their screaming guts.",clockworkorange,83,-13,-10,-8,-0.98,9,0,8,7,2,3,2,1,12,4,10.84,3.61,2.41,0,9.64,1.2,2.41,8.43
"i said: ""well well well well well.",clockworkorange,7,0,1,0,1.51,0,0,0,0,0,0,0,0,0,0,0,0,0,0,0,0,0,0
"it seemed written in a very bezoomny like style, full of ah and oh and all that cal, but what seemed to come out of it was that all lewdies nowadays were being turned into machines and that they were really - you and me and him and kiss-my-sharries - more like a natural growth like a fruit.f. alexander seemed to think that we all like grow on what he called the world-tree in the world-orchard that like bog or god planted, and we were there because bog or god had need of us to quench his thirsty love, or some such cal.",clockworkorange,106,11,2,5,1.55,1,4,1,1,5,0,2,3,2,7,0.94,0,4.72,3.77,0.94,2.83,1.89,0.94
"right right right?""",clockworkorange,3,0,1,0,1.39,0,0,0,0,0,0,0,0,0,0,0,0,0,0,0,0,0,0
right right right.,clockworkorange,6,0,2,0,2.77,0,0,0,0,0,0,0,0,0,0,0,0,0,0,0,0,0,0
"the older one of the two said: ""well well well well well well well.",clockworkorange,14,0,1,0,1.5,0,0,0,0,0,1,0,0,0,0,0,7.14,0,0,0,0,0,0
"there it was then, the bass strings like govoreeting away from under my bed at the rest of the orchestra, and then the male human goloss coming in and telling them all to be joyful, and then the lovely blissful tune all about joy being a glorious spark like of heaven, and then i felt the old tigers leap in me and then i leapt on these two young ptitsas.",clockworkorange,70,19,7,7,0.72,1,3,0,0,6,2,2,3,0,7,1.43,2.86,8.57,4.29,0,4.29,2.86,0
well well well.,clockworkorange,3,0,1,0,1.39,0,0,0,0,0,0,0,0,0,0,0,0,0,0,0,0,0,0
yes yes yes.,clockworkorange,3,1,0,0,1.39,0,0,0,0,0,0,0,0,0,0,0,0,0,0,0,0,0,0
"""he has been conscious a long time, since the morning,"" went on razumihin, whose familiarity seemed so much like unaffected good-nature that pyotr petrovitch began to be more cheerful, partly, perhaps, because this shabby and impudent person had introduced himself as a student.",crimeandpunishment,44,7,2,2,1.35,0,4,1,0,3,0,2,2,1,3,0,0,6.82,9.09,2.27,4.55,4.55,0
"""he is competent, hardworking, honest and capable of real love....",crimeandpunishment,10,8,3,4,1.42,1,0,1,1,2,1,0,3,0,4,10,10,20,0,10,30,0,10
"""i was joking of course, but look here; on one side we have a stupid, senseless, worthless, spiteful, ailing, horrid old woman, not simply useless but doing actual mischief, who has not an idea what she is living for herself, and who will die in a day or two in any case.",crimeandpunishment,52,-12,-9,-8,-0.5,4,0,3,5,0,6,1,0,10,2,7.69,11.54,0,0,5.77,0,1.92,9.62
"""yes, yes, yes!",crimeandpunishment,3,1,0,0,1.39,0,0,0,0,0,0,0,0,0,0,0,0,0,0,0,0,0,0
"(cough, cough, cough, cough!) again!",crimeandpunishment,5,0,0,-1,-1.43,0,0,1,0,0,0,0,0,1,0,0,0,0,0,20,0,0,0
"afterwards he saw her lower lip quiver with indignation at her brother's insolent, cruel and ungrateful words-and his fate was sealed.",crimeandpunishment,22,-5,-4,-8,-0.77,4,1,3,2,0,2,0,0,8,0,18.18,9.09,0,4.55,13.64,0,0,9.09
"and she had destroyed herself, crushed by an insult that had appalled and amazed that childish soul, had smirched that angel purity with unmerited disgrace and torn from her a last scream of despair, unheeded and brutally disregarded, on a dark night in the cold and wet while the wind howled....",crimeandpunishment,51,-20,-8,-8,-1.09,6,1,6,4,1,6,4,1,10,2,11.76,11.76,1.96,1.96,11.76,1.96,7.84,7.84
"anxiety, cries of horror, moans...",crimeandpunishment,5,-6,-1,-2,-1.61,2,1,1,2,0,2,1,0,2,0,40,40,0,20,20,0,20,40
but i am talking too much.,crimeandpunishment,6,0,0,0,-1.84,0,0,0,0,0,0,0,0,0,0,0,0,0,0,0,0,0,0
but i was stupid and impatient and spoiled it all.,crimeandpunishment,10,-4,-3,-2,-1.61,0,1,0,0,0,0,0,0,2,0,0,0,0,10,0,0,0,0
"but to be stopped on the stairs, to be forced to listen to her trivial, irrelevant gossip, to pestering demands for payment, threats and complaints, and to rack his brains for excuses, to prevaricate, to lie-no, rather than that, he would creep down the stairs like a cat and slip out unseen.",crimeandpunishment,53,-4,-8,-7,-0.73,1,0,1,1,0,2,1,0,8,1,1.89,3.77,0,0,1.89,0,1.89,1.89
"he brooded with relish, in profound secret, over the image of a girl-virtuous, poor (she must be poor), very young, very pretty, of good birth and education, very timid, one who had suffered much, and was completely humbled before him, one who would all her life look on him as her saviour, worship him, admire him and only him.",crimeandpunishment,60,5,3,8,0.53,0,5,0,3,6,2,2,7,1,9,0,3.33,10,8.33,0,11.67,3.33,5
"he could only guess from what she said that she was a neglected child, whose mother, probably a drunken cook, in the service of the hotel, whipped and frightened her; that the child had broken a cup of her mother's and was so frightened that she had run away the evening before, had hidden for a long while somewhere outside in the rain, at last had made her way in here, hidden behind the cupboard and spent the night there, crying and trembling from the damp, the darkness and the fear that she would be badly beaten for it.",crimeandpunishment,99,-17,-6,-10,-0.87,4,3,2,5,2,6,2,1,12,2,4.04,6.06,2.02,3.03,2.02,1.01,2.02,5.05
"he went away, leaving them all in a state of extraordinary excitement, but the tender mamma, speaking quietly in a half whisper, settled some of the most important of their doubts, concluding that svidrigrailov was a great man, a man of great affairs and connections and of great wealth-there was no knowing what he had in his mind.",crimeandpunishment,59,11,4,7,0.8,0,1,0,0,3,0,1,4,0,7,0,0,5.08,1.69,0,6.78,1.69,0
"her face was always more serious and thoughtful than gay; but how well smiles, how well youthful, lighthearted, irresponsible, laughter suited her face!",crimeandpunishment,23,9,3,1,1.65,0,1,0,0,1,0,1,1,1,2,0,0,4.35,4.35,0,4.35,4.35,0
"if i leave one man quite alone, if i do not touch him and do not worry him, but let him know or at least suspect every moment that i know all about it and am watching him day and night, and if he is in continual suspicion and terror, he will be bound to lose his head.",crimeandpunishment,58,-10,-5,-7,-0.74,1,1,1,5,0,3,2,0,7,0,1.72,5.17,0,1.72,1.72,0,3.45,8.62
"pyotr petrovitch met her ""politely and affably,"" but with a certain shade of bantering familiarity which in his opinion was suitable for a man of his respectability and weight in dealing with a creature so young and so interesting as she.",crimeandpunishment,41,3,3,4,1.81,0,3,2,2,3,1,2,2,2,6,0,2.44,7.32,7.32,4.88,4.88,4.88,4.88
she sank more and more into uneasy delirium.,crimeandpunishment,8,-2,-2,-2,-1.38,0,0,2,1,0,1,0,0,2,0,0,12.5,0,0,25,0,0,12.5
"she too joined in the singing, but broke down at the second note with a fearful cough, which made her curse in despair and even shed tears.",crimeandpunishment,27,-9,-4,-5,-1.43,2,0,3,4,0,4,0,0,6,1,7.41,14.81,0,0,11.11,0,0,14.81
"simply because a poor student, unhinged by poverty and hypochondria, on the eve of a severe delirious illness (note that), suspicious, vain, proud, who has not seen a soul to speak to for six months, in rags and in boots without soles, has to face some wretched policemen and put up with their insolence; and the unexpected debt thrust under his nose, the i.o.u. presented by tchebarov, the new paint, thirty degrees reaumur and a stifling atmosphere, a crowd of people, the talk about the murder of a person where he had been just before, and all that on an empty stomach-he might well have a fainting fit!",crimeandpunishment,111,-11,-11,-7,-0.73,3,3,6,5,2,7,3,1,10,3,2.7,6.31,1.8,2.7,5.41,0.9,2.7,4.5
"this certificate of honour was obviously intended now to prove katerina ivanovna's right to open a boarding-school; but she had armed herself with it chiefly with the object of overwhelming ""those two stuck-up draggletails"" if they came to the dinner, and proving incontestably that katerina ivanovna was of the most noble, ""she might even say aristocratic family, a colonel's daughter and was far superior to certain adventuresses who have been so much to the fore of late.""",crimeandpunishment,79,5,1,8,0.25,1,1,0,1,1,1,0,2,2,10,1.27,1.27,1.27,1.27,0,2.53,0,1.27
"this was the cause of great uneasiness to dounia; the idea occurred to her that her mother suspected that there was something terrible in her son's fate and was afraid to ask, for fear of hearing something still more awful.",crimeandpunishment,40,-8,-4,-7,-0.7,3,3,2,5,1,4,0,1,8,1,7.5,10,2.5,7.5,5,2.5,0,12.5
"you are a feeble, nervous wretch, and a mass of whims, you are getting fat and lazy and can not deny yourself anything-and i call that dirty because it leads one straight into the dirt.",crimeandpunishment,36,-10,-7,-8,-0.27,2,1,4,1,0,3,0,0,8,0,5.56,8.33,0,2.78,11.11,0,0,2.78
"“he looked up at the unseeable stone roof and it seemed for a moment that he might scream at it, rail at it, challenge it blindly — those dumb tonnages of insensible granite that bore their tiny lives in its stone intestine.",darktower,41,-8,-5,-7,-0.87,4,1,1,2,0,1,1,0,7,0,9.76,2.44,0,2.44,2.44,0,2.44,4.88
"the eyes were damned, the staring, glaring eyes of those who see but do not see, eyes ever turned inward to the sterile hell of dreams beyond control, dreams unleashed, risen out of the stinking swamps of the unconscious.",darktower,39,-7,-2,-7,-0.47,2,0,2,1,0,2,0,0,7,0,5.13,5.13,0,0,5.13,0,0,2.56
"the slow mutants could smell their terror, he knew that, but he doubted if terror would be enough for them.",darktower,20,-4,-2,-2,-1.9,1,0,1,1,0,0,0,0,2,0,5,0,0,0,5,0,0,5
"the slow mutants fell back a step and watched them go with faces hardly human (or pathetically so), faces that generated the weak phosphorescence common to those weird deep-sea fishes that live under incredible black pressure, faces that held no anger or hate on their senseless orbs, but only what seemed to be a semiconscious, idiot regret.",darktower,58,-17,-9,-8,-0.24,3,0,4,2,0,5,1,0,9,1,5.17,8.62,0,0,6.9,0,1.72,3.45
very good.” “enjoy it.,darktower,4,5,2,2,1.35,0,2,0,0,2,0,1,2,0,2,0,0,50,50,0,50,25,0
"he locked away the necronomicon with a shudder of disgust, but the room still reeked with an unholy and unidentifiable stench.",dunwichhorror,21,-3,-2,-3,-1.55,1,0,1,3,0,1,0,0,3,0,4.76,4.76,0,0,4.76,0,0,14.29
"in 1747 the reverend abijah hoadley, newly come to the congregational church at dunwich village, preached a memorable sermon on the close presence of satan and his imps, in which he said: it must be allow'd that these blasphemies of an infernall train of dæmons are matters of too common knowledge to be deny'd; the cursed voices of azazel and buzrael , of beelzebub and belial , being heard from under ground by above a score of credible witnesses now living.",dunwichhorror,79,1,1,7,0.26,1,2,0,1,4,1,2,5,1,8,1.27,1.27,5.06,2.53,0,6.33,2.53,1.27
"and all with pearl and ruby glowing was the fair palace door, through which came flowing, flowing, flowing, and sparkling evermore, a troop of echoes whose sweet duty was but to sing, in voices of surpassing beauty, the wit and wisdom of their king.v. but evil things, in robes of sorrow, assailed the monarch’s high estate; (ah, let us mourn, for never morrow shall dawn upon him, desolate!) and, round about his home, the glory that blushed and bloomed is but a dim-remembered story of the old time entombed.",edgarallanpoe2,92,2,3,8,-0.25,1,6,1,2,5,4,2,5,3,11,1.09,4.35,5.43,6.52,1.09,5.43,2.17,2.17
"and, then and there, i threw myself hurriedly at the feet of eleonora, and offered up a vow, to herself and to heaven, that i would never bind myself in marriage to any daughter of earth--that i would in no manner prove recreant to her dear memory, or to the memory of the devout affection with which she had blessed me.",edgarallanpoe2,62,6,3,8,0.79,0,3,0,0,6,0,0,4,0,8,0,0,9.68,4.84,0,6.45,0,0
but this hideousness is insufferable.,edgarallanpoe2,5,0,-2,0,-1.51,0,0,0,0,0,0,0,0,0,0,0,0,0,0,0,0,0,0
fearful indeed the suspicion--but more fearful the doom!,edgarallanpoe2,9,-4,-3,-3,-2.31,0,0,0,3,0,1,0,0,3,0,0,11.11,0,0,0,0,0,33.33
"for a moment she remained trembling and reeling to and fro upon the threshold--then, with a low moaning cry, fell heavily inward upon the person of her brother, and in her violent and now final death-agonies, bore him to the floor a corpse, and a victim to the terrors he had anticipated.",edgarallanpoe2,54,-16,-6,-8,-0.88,3,1,3,4,0,5,2,1,9,1,5.56,9.26,0,1.85,5.56,1.85,3.7,7.41
he!--a very good joke indeed--an excellent jest.,edgarallanpoe2,9,8,1,2,1.49,0,1,0,0,3,0,2,2,1,3,0,0,33.33,11.11,0,22.22,22.22,0
"here, it will be remembered, the words of the narrative run thus: “and ethelred, who was by nature of a doughty heart, and who was now mighty withal, on account of the powerfulness of the wine which he had drunken, waited no longer to hold parley with the hermit, who, in sooth, was of an obstinate and maliceful turn, but, feeling the rain upon his shoulders, and fearing the rising of the tempest, uplifted his mace outright, and, with blows, made quickly room in the plankings of the door for his gauntleted hand; and now pulling therewith sturdily, he so cracked, and ripped, and tore all asunder, that the noise of the dry and hollow-sounding wood alarummed and reverberated throughout the forest.” at the termination of this sentence i started, and for a moment, paused; for it appeared to me (although i at once concluded that my excited fancy had deceived me)--it appeared to me that, from some very remote portion of the mansion, there came, indistinctly, to my ears, what might have been, in its exact similarity of character, the echo (but a stifled and dull one certainly) of the very cracking and ripping sound which sir launcelot had so particularly described.",edgarallanpoe2,205,-10,-6,-10,-0.56,8,6,3,8,5,8,3,6,16,6,3.9,3.9,2.44,2.93,1.46,2.93,1.46,3.9
"i love, indeed, to regard the dark valleys, and the gray rocks, and the waters that silently smile, and the forests that sigh in uneasy slumbers, and the proud watchful mountains that look down upon all,--i love to regard these as themselves but the colossal members of one vast animate and sentient whole--a whole whose form (that of the sphere) is the most perfect and most inclusive of all; whose path is among associate planets; whose meek handmaiden is the moon, whose mediate sovereign is the sun; whose life is eternity, whose thought is that of a god; whose enjoyment is knowledge; whose destinies are lost in immensity, whose cognizance of ourselves is akin with our own cognizance of the animalculae which infest the brain--a being which we, in consequence, regard as purely inanimate and material much in the same manner as these animalculae must thus regard us.",edgarallanpoe2,151,3,2,12,1.59,0,6,2,2,6,4,2,11,2,14,0,2.65,3.97,3.97,1.32,7.28,1.32,1.32
"it was now the representation of an object that i shudder to name--and for this, above all, i loathed, and dreaded, and would have rid myself of the monster had i dared --it was now, i say, the image of a hideous--of a ghastly thing--of the gallows!--oh, mournful and terrible engine of horror and of crime--of agony and of death!",edgarallanpoe2,65,-15,-9,-11,-1.43,7,1,5,10,0,7,2,0,11,0,10.77,10.77,0,1.54,7.69,0,3.08,15.38
"no sooner had the reverberation of my blows sunk into silence, than i was answered by a voice from within the tomb!--by a cry, at first muffled and broken, like the sobbing of a child, and then quickly swelling into one long, loud, and continuous scream, utterly anomalous and inhuman--a howl--a wailing shriek, half of horror and half of triumph, such as might have arisen only out of hell, conjointly from the throats of the dammed in their agony and of the demons that exult in the damnation.",edgarallanpoe2,91,-3,-10,-10,-0.83,9,3,6,11,2,11,4,0,12,2,9.89,12.09,2.2,3.3,6.59,0,4.4,12.09
"the teeming brain of childhood requires no external world of incident to occupy or amuse it; and the apparently dismal monotony of a school was replete with more intense excitement than my riper youth has derived from luxury, or my full manhood from crime.",edgarallanpoe2,44,1,-1,7,0.16,3,2,3,3,6,1,4,2,3,10,6.82,2.27,13.64,4.55,6.82,4.55,9.09,6.82
"their mark was speckled with the vivid alternate splendor of ebony and silver, and was smoother than all save the cheeks of eleonora; so that, but for the brilliant green of the huge leaves that spread from their summits in long, tremulous lines, dallying with the zephyrs, one might have fancied them giant serpents of syria doing homage to their sovereign the sun. hand in hand about this valley, for fifteen years, roamed i with eleonora before love entered within our hearts.",edgarallanpoe2,82,8,6,8,0.71,0,4,0,2,7,0,2,5,0,8,0,0,8.54,4.88,0,6.1,2.44,2.44
"there can be no more absolute waste of time than the attempt to prove , at the present day, that man, by mere exercise of will, can so impress his fellow, as to cast him into an abnormal condition, of which the phenomena resemble very closely those of death , or at least resemble them more nearly than they do the phenomena of any other normal condition within our cognizance; that, while in this state, the person so impressed employs only with effort, and then feebly, the external organs of sense, yet perceives, with keenly refined perception, and through channels supposed unknown, matters beyond the scope of the physical organs; that, moreover, his intellectual faculties are wonderfully exalted and invigorated; that his sympathies with the person so impressing him are profound; and, finally, that his susceptibility to the impression increases with its frequency, while, in the same proportion, the peculiar phenomena elicited are more extended and more pronounced .",edgarallanpoe2,156,3,2,8,0.37,1,6,4,2,4,1,4,4,4,12,0.64,0.64,2.56,3.85,2.56,2.56,2.56,1.28
"there may be a class of beings, human once, but now invisible to humanity, to whom, from afar, our disorder may seem order--our unpicturesqueness picturesque, in a word, the earth-angels, for whose scrutiny more especially than our own, and for whose death-refined appreciation of the beautiful, may have been set in array by god the wide landscape-gardens of the hemispheres.” in the course of discussion, my friend quoted some passages from a writer on landscape-gardening who has been supposed to have well treated his theme: “there are properly but two styles of landscape-gardening, the natural and the artificial.",edgarallanpoe2,104,5,2,7,0.11,1,2,1,3,6,1,1,5,3,10,0.96,0.96,5.77,1.92,0.96,4.81,0.96,2.88
"to this the porter replied, as well as he could for trepidation, that he had once before heard of this sea-beast; that it was a cruel demon, with bowels of sulphur and blood of fire, created by evil genii as the means of inflicting misery upon mankind; that the things upon its back were vermin, such as sometimes infest cats and dogs, only a little larger and more savage; and that these vermin had their uses, however evil--for, through the torture they caused the beast by their nibbling and stingings, it was goaded into that degree of wrath which was requisite to make it roar and commit ill, and so fulfil the vengeful and malicious designs of the wicked genii.",edgarallanpoe2,122,-17,-10,-12,-1.25,12,2,10,15,0,7,2,1,14,2,9.84,5.74,0,1.64,8.2,0.82,1.64,12.3
"yet its memory was replete with horror--horror more horrible from being vague, and terror more terrible from ambiguity.",edgarallanpoe2,19,-11,-5,-4,-2.42,3,0,3,4,0,2,1,0,5,1,15.79,10.53,0,0,15.79,0,5.26,21.05
"a shotgun blast went off in his leg every time he put it down and he thought, you are a fool, a damn fool, an awful fool, an idiot, an awful idiot, a damn idiot, and a fool, a damn fool; look at the mess and where is the mop, look at the mess, and what do you do?",fahrenheit451,59,-14,-5,-6,-1.67,3,2,5,2,0,1,1,0,6,0,5.08,1.69,0,3.39,8.47,0,1.69,3.39
beatty grinned his most charming grin.,fahrenheit451,6,3,2,2,1.4,0,1,0,0,1,0,1,1,0,2,0,0,16.67,16.67,0,16.67,16.67,0
"but good night and good luck, anyway.",fahrenheit451,7,6,2,2,1.91,0,2,0,0,2,0,2,1,0,2,0,0,28.57,28.57,0,14.29,28.57,0
"for it would be the dying of an unknown, a street face, a newspaper image, and it was suddenly so very wrong that he had begun to cry, not at death but at the thought of not crying at death, a silly empty man near a silly empty woman, while the hungry snake made her still more empty.",fahrenheit451,58,-9,-6,-9,-1.25,2,5,3,4,1,4,2,0,9,0,3.45,6.9,1.72,8.62,5.17,0,3.45,6.9
but some acid victims – especially nervous mongoloids – have a strange kind of idiot-sapient capacity for remembering odd details and nothing else.,fearandloathing,22,-9,-4,-2,-1.44,0,1,1,1,1,0,0,1,3,1,0,0,4.55,4.55,4.55,4.55,0,4.55
nothing too good for high rollers...,fearandloathing,6,3,1,1,-1.47,0,1,0,0,1,0,1,1,0,1,0,0,16.67,16.67,0,16.67,16.67,0
"psychedelics are almost irrelevant in a town where you can wan der into a casino any time of the day or night and witness the crucifixion of a gorilla-on a flaming neon cross that suddenly turns into a pinwheel, spinning the beast around in wild circles above the crowded gambling action.",fearandloathing,52,0,-3,-7,-0.28,3,2,1,4,0,3,3,1,8,1,5.77,5.77,0,3.85,1.92,1.92,5.77,7.69
"right above the gambling tables the forty flying carazito brothers are doing a high-wire trapeze act, along with four muzzled wolverines and the six nymphet sisters from san diego… so you’re down on the main floor playing blackjack, and the stakes are getting high when suddenly you chance to look up, and there, right smack above your head is a half-naked fourteen-year-old girl being chased through the air by a snarling wolverine, which is suddenly locked in a death battle with two silver-painted polacks who come swinging down from opposite balconies and meet in midair on the wolverine’s neck… both polacks seize the animal as they fall straight down towards the crap tables – but they bounce off the net; they separate and spring back up towards the roof in three different directions, and just as they’re about to fall again they are grabbed out of the air by three korean kittens and trapezed off to one of the balconies.",fearandloathing,167,-3,-3,-7,0.12,4,2,2,3,0,2,4,0,9,2,2.4,1.2,0,1.2,1.2,0,2.4,1.8
too much aggressive chemistry in that mix; the temptation to run a deliberate freakout would be too heavy.,fearandloathing,18,-2,-2,-1,-1.41,1,0,0,1,0,0,0,0,2,1,5.56,0,0,0,0,0,0,5.56
"we’d forgotten to hang out the “do not disturb” sign… so she wandered into the room and startled my attorney, who kneeling, stark naked, in the closet, vomiting into his shoes… thinking he was actually in the bathroom, and then suddenly looking up to see a woman with a face like mickey rooney staring down at him, unable to speak, trembling with fear and confusion.",fearandloathing,66,-7,-6,-7,-0.32,3,0,0,5,0,2,1,2,8,1,4.55,3.03,0,0,0,3.03,1.52,7.58
"'very well, very well, master elrond!'",fellowshipofthering,6,0,2,1,1.32,0,0,0,0,0,0,0,0,0,1,0,0,0,0,0,0,0,0
"and minas ithil they built, tower of the rising moon, eastward upon a shoulder of the mountains of shadow; and westward at the feet of the white mountains minas anor they made, tower of the setting sun. there in the courts of the king grew a white tree, from the seed of that tree which isildur brought over the deep waters, and the seed of that tree before came from eressëa, and before that out of the uttermost west in the day before days when the world was young.",fellowshipofthering,90,0,0,8,0.2,1,5,1,0,5,0,3,4,0,8,1.11,0,5.56,5.56,1.11,4.44,3.33,0
but he spoke quite politely.,fellowshipofthering,5,0,0,-1,1.36,0,0,0,0,0,0,0,0,1,0,0,0,0,0,0,0,0,0
but i wish i had been there to see.,fellowshipofthering,9,1,0,0,-1.5,0,0,0,0,0,0,0,0,0,0,0,0,0,0,0,0,0,0
but surely they will understand.,fellowshipofthering,5,0,0,0,1.36,0,0,0,0,0,0,0,0,0,0,0,0,0,0,0,0,0,0
but the snakes were too much for him.,fellowshipofthering,8,0,0,0,-1.59,0,0,0,0,0,0,0,0,0,0,0,0,0,0,0,0,0,0
"the gold looked very fair and pure, and frodo thought how rich and beautiful was its colour, how perfect was its roundness.",fellowshipofthering,22,10,6,4,1.29,0,2,0,0,2,0,0,1,0,4,0,0,9.09,9.09,0,4.55,0,0
"the prime motive was the desire of a tale-teller to try his hand at a really long story that would hold the attention of readers, amuse them, delight them, and at times maybe excite them or deeply move them.",fellowshipofthering,40,10,3,7,0.65,1,3,0,1,3,0,1,0,0,7,2.5,0,7.5,7.5,0,0,2.5,2.5
"hartman & recruits happy birthday to you, happy birthday to you, happy birthday, dear jesus, happy birthday to you!",fullmetaljacket,18,6,1,3,1.58,0,2,0,0,2,0,1,2,0,3,0,0,11.11,11.11,0,11.11,5.56,0
"quickly, quickly, quickly!",fullmetaljacket,3,0,0,0,1.73,0,0,0,0,0,0,0,0,0,0,0,0,0,0,0,0,0,0
"""well, go ahead, please!""",hamonrye,4,1,1,1,1.3,0,0,0,0,0,0,0,0,0,1,0,0,0,0,0,0,0,0
but right now please begin to dismantle your engines.,hamonrye,9,1,1,0,1.35,0,0,0,0,0,0,0,0,0,0,0,0,0,0,0,0,0,0
but things got worse and worse.,hamonrye,6,-3,-1,-1,-1.38,0,0,0,1,0,1,0,0,1,0,0,16.67,0,0,0,0,0,16.67
"i hated their beauty, their untroubled youth, and as i watched them dance through the magic colored pools of light, holding each other, feeling so good, little unscathed children, temporarily in luck, i hated them because they had something i had not yet had, and i said to myself, i said to myself again, someday i will be as happy as any of you, you will see.",hamonrye,67,7,4,7,0.54,2,5,1,2,7,1,4,4,1,8,2.99,1.49,10.45,7.46,1.49,5.97,5.97,2.99
"partly it has great practical value - you can wrap it around you for warmth as you bound across the cold moons of jaglan beta; you can lie on it on the brilliant marble-sanded beaches of santraginus v, inhaling the heady sea vapours; you can sleep under it beneath the stars which shine so redly on the desert world of kakrafoon; use it to sail a mini raft down the slow heavy river moth; wet it for use in hand-to- hand-combat; wrap it round your head to ward off noxious fumes or to avoid the gaze of the ravenous bugblatter beast of traal (a mindboggingly stupid animal, it assumes that if you can not see it, it can not see you - daft as a bush, but very ravenous); you can wave your towel in emergencies as a distress signal, and of course dry yourself off with it if it still seems to be clean enough.",hitchhikersguide,157,5,-2,-9,-0.55,6,1,5,7,2,4,1,2,13,4,3.82,2.55,1.27,0.64,3.18,1.27,0.64,4.46
"unfortunately, in the vl'hurg tongue this was the most dreadful insult imaginable, and there was nothing for it but to wage terrible war for centuries.",hitchhikersguide,25,-10,-4,-4,-1.39,3,1,3,3,0,3,1,0,4,0,12,12,0,4,12,0,4,12
very very fast.,hitchhikersguide,6,0,2,0,3,0,0,0,0,0,0,0,0,0,0,0,0,0,0,0,0,0,0
"ay, it must be that; the ghost of some old sin, the cancer of some concealed disgrace: punishment coming, pede claudo , years after memory has forgotten and self-love condoned the fault.” and the lawyer, scared by the thought, brooded awhile on his own past, groping in all the corners of memory, least by chance some jack-in-the-box of an old iniquity should leap to light there.",jekyllhyde,69,-2,-5,-7,-0.67,5,3,6,7,1,5,2,0,9,2,7.25,7.25,1.45,4.35,8.7,0,2.9,10.14
"dr. jekyll was quite at ease a fortnight later, by excellent good fortune, the doctor gave one of his pleasant dinners to some five or six old cronies, all intelligent, reputable men and all judges of good wine; and mr. utterson so contrived that he remained behind after the others had departed.",jekyllhyde,52,13,6,7,0.88,0,3,0,0,4,1,3,7,1,8,0,1.92,7.69,5.77,0,13.46,5.77,0
"henry jekyll’s full statement of the case i was born in the year 18— to a large fortune, endowed besides with excellent parts, inclined by nature to industry, fond of the respect of the wise and good among my fellowmen, and thus, as might have been supposed, with every guarantee of an honourable and distinguished future.",jekyllhyde,56,9,8,8,0.82,0,3,0,1,4,1,2,6,1,9,0,1.79,7.14,5.36,0,10.71,3.57,1.79
"his terror of the gallows drove him continually to commit temporary suicide, and return to his subordinate station of a part instead of a person; but he loathed the necessity, he loathed the despondency into which jekyll was now fallen, and he resented the dislike with which he was himself regarded.",jekyllhyde,51,-11,-6,-5,-1.44,3,0,1,4,0,3,0,0,5,0,5.88,5.88,0,0,1.96,0,0,7.84
"mr. hyde was pale and dwarfish, he gave an impression of deformity without any nameable malformation, he had a displeasing smile, he had borne himself to the lawyer with a sort of murderous mixture of timidity and boldness, and he spoke with a husky, whispering and somewhat broken voice; all these were points against him, but not all of these together could explain the hitherto unknown disgust, loathing and fear with which mr. utterson regarded him.",jekyllhyde,76,-10,-8,-8,-0.17,5,2,5,8,1,4,2,2,12,4,6.58,5.26,1.32,2.63,6.58,2.63,2.63,10.53
"there lay the cabinet before their eyes in the quiet lamplight, a good fire glowing and chattering on the hearth, the kettle singing its thin strain, a drawer or two open, papers neatly set forth on the business table, and nearer the fire, the things laid out for tea; the quietest room, you would have said, and, but for the glazed presses full of chemicals, the most commonplace that night in london.",jekyllhyde,72,1,2,8,0.08,0,2,0,1,1,1,1,3,0,8,0,1.39,1.39,2.78,0,4.17,1.39,1.39
"to tell you the truth, i am uneasy about poor jekyll; and even outside, i feel as if the presence of a friend might do him good.” the court was very cool and a little damp, and full of premature twilight, although the sky, high up overhead, was still bright with sunset.",jekyllhyde,52,1,1,7,0.46,1,3,1,2,2,0,2,3,1,8,1.92,0,3.85,5.77,1.92,5.77,3.85,3.85
"his voice, made metallic by the amplifiers, boomed forth an endless catalogue of atrocities, massacres, deportations, lootings, rapings, torture of prisoners, bombing of civilians, lying propaganda, unjust aggressions, broken treaties.",orwell1984,30,-13,-7,-5,-1.47,5,1,2,3,1,3,0,1,6,1,16.67,10,3.33,3.33,6.67,3.33,0,10
"in the early twentieth century, the vision of a future society unbelievably rich, leisured, orderly, and efficient--a glittering antiseptic world of glass and steel and snow-white concrete--was part of the consciousness of nearly every literate person.",orwell1984,39,3,2,7,0.57,0,3,0,0,1,0,0,3,0,7,0,0,2.56,7.69,0,7.69,0,0
"never again will you be capable of love, or friendship, or joy of living, or laughter, or curiosity, or courage, or integrity.",orwell1984,22,11,4,7,0.86,0,2,0,0,4,0,2,2,0,7,0,0,18.18,9.09,0,9.09,9.09,0
"on the battlefield, in the torture chamber, on a sinking ship, the issues that you are fighting for are always forgotten, because the body swells up until it fills the universe, and even when you are not paralysed by fright or screaming with pain, life is a moment-to-moment struggle against hunger or cold or sleeplessness, against a sour stomach or an aching tooth.",orwell1984,65,-19,-9,-11,-0.78,4,2,4,7,0,5,1,0,11,0,6.15,7.69,0,3.08,6.15,0,1.54,10.77
"""yes, master,"" she laughed.",postoffice,4,2,1,1,1.3,0,0,0,0,0,0,0,0,0,1,0,0,0,0,0,0,0,0
"(imitates a duck) quack, quack, quack, quack, quack, quack, quack...",pulpfiction,10,0,-1,-1,-2.21,0,0,1,0,0,0,0,0,1,0,0,0,0,0,10,0,0,0
"‘lordly’ folk called them, meaning nothing but good; for it warmed all hearts to see them go riding by with their mail-shirts so bright and their shields so splendid, laughing and singing songs of far away; and if they were now large and magnificent, they were unchanged otherwise, unless they were indeed more fairspoken and more jovial and full of merriment than ever before.",returnoftheking,65,10,6,7,1.02,0,3,0,0,6,0,4,2,0,7,0,0,9.23,4.62,0,3.08,6.15,0
"behind the seat upon the right floated, white on green, a great horse running free; upon the left was a banner, silver upon blue, a ship swan-prowed faring on the sea; but behind the highest throne in the midst of all a great standard was spread in the breeze, and there a white tree flowered upon a sable field beneath a shining crown and seven glittering stars.",returnoftheking,68,4,4,7,0.79,1,5,1,1,5,1,2,5,1,8,1.47,1.47,7.35,7.35,1.47,7.35,2.94,1.47
but evil and sorrow will come of this.,returnoftheking,8,-5,-2,-2,-1.39,1,0,1,2,0,2,0,0,2,0,12.5,25,0,0,12.5,0,0,25
"first rode elrohir and elladan with a banner of silver, and then came glorfindel and erestor and all the household of rivendell, and after them came the lady galadriel and celeborn, lord of lothlórien, riding upon white steeds and with them many fair folk of their land, grey-cloaked with white gems in their hair; and last came master elrond, mighty among elves and men, bearing the sceptre of annúminas, and beside him upon a grey palfrey rode arwen his daughter, evenstar of her people.",returnoftheking,87,1,4,7,0.55,1,1,1,1,3,0,0,3,1,8,1.15,0,3.45,1.15,1.15,3.45,0,1.15
"sam’s plain hobbit-face grew stern, almost grim, as the will hardened in him, and he felt through all his limbs a thrill, as if he was turning into some creature of stone and steel that neither despair nor weariness nor endless barren miles could subdue.",returnoftheking,47,-3,-5,-8,-0.06,5,2,4,6,2,5,1,1,10,2,10.64,10.64,4.26,4.26,8.51,2.13,2.13,12.77
"he had started to suspect that his venerable father and his other teachers, that the wise brahmans had already revealed to him the most and best of their wisdom, that they had already filled his expecting vessel with their richness, and the vessel was not full, the spirit was not content, the soul was not calm, the heart was not satisfied.",siddharta,61,7,5,8,0.08,0,2,0,1,3,0,0,4,1,9,0,0,4.92,3.28,0,6.56,0,1.64
vasudeva's smile flourished more warmly.,siddharta,5,2,2,1,1.41,0,0,0,0,1,0,1,1,0,1,0,0,20,0,0,20,20,0
"eaker's foreword ended this way: i deeply regret that british and u.s. bombers killed 135,000 people in the attack on dresden, but i remember who started the last war and i regret even more the loss of more than 5,000,000, allied lives in the necessary effort to completely defeat and utterly destroy nazism.",slaughterhouse5,52,-14,-5,-2,-1.68,2,0,0,3,0,2,0,1,5,3,3.85,3.85,0,0,0,1.92,0,5.77
"he sent o'hare a postcard at christmastime, and here is what it said: 'i wish you and your family also as to your friend merry christmas and a happy new year and i hope that we’ll meet again in a world of peace and freedom in the taxi cab if the accident will.’ i like that very much: 'if the accident will.’ i would hate to tell you what this lousy little book cost me in money and anxiety and time.",slaughterhouse5,82,8,2,5,1.37,3,6,1,3,7,3,3,6,3,8,3.66,3.66,8.54,7.32,1.22,7.32,3.66,3.66
but it would be too dangerous.,theoldmanandthesea,6,0,-1,-1,-1.42,0,0,0,1,0,0,0,0,1,0,0,0,0,0,0,0,0,16.67
but that is not why i wish to feel him.,theoldmanandthesea,10,1,0,0,1.42,0,0,0,0,0,0,0,0,0,0,0,0,0,0,0,0,0,0
but that is the thing i wish for now.,theoldmanandthesea,9,1,0,0,-1.5,0,0,0,0,0,0,0,0,0,0,0,0,0,0,0,0,0,0
i wish too many things.,theoldmanandthesea,5,1,0,0,-1.79,0,0,0,0,0,0,0,0,0,0,0,0,0,0,0,0,0,0
"filthy, ragged, hopeless.",theroad,3,-2,-3,-2,-1.44,0,0,1,1,0,1,0,0,2,0,0,33.33,0,0,33.33,0,0,33.33
"but around the figure of justice, apart from some coloration that was barely noticeable, it remained light, and in this brightness the figure seemed to shine forward so that it now looked like neither the god of justice nor the god of victory, it seemed now, rather, to be a perfect depiction of the god of the hunt.",thetrial,58,9,4,7,0.9,0,3,0,1,3,0,0,4,0,7,0,0,5.17,5.17,0,6.9,0,1.72
"nothing would have been more nonsensical and, above all, more pointless and contemptible.",thetrial,13,0,-2,-3,-1.67,1,0,1,0,0,2,0,0,3,0,7.69,15.38,0,0,7.69,0,0,0
"'good master, wise master, nice master!'",thetwotowers,6,3,3,2,1.63,0,0,0,0,0,0,0,0,0,2,0,0,0,0,0,0,0,0
"`but that would be an ill omen, if it were so.",thetwotowers,11,-2,0,-2,-1.59,1,1,1,2,0,1,0,0,2,0,9.09,9.09,0,9.09,9.09,0,0,18.18
"`master, dear master!",thetwotowers,3,2,1,2,1.44,0,0,0,0,0,0,0,0,0,2,0,0,0,0,0,0,0,0
"`yes, yes, master!",thetwotowers,3,1,1,1,1.5,0,0,0,0,0,0,0,0,0,1,0,0,0,0,0,0,0,0
"but all foul, all rotting, all dead.",thetwotowers,7,-3,-2,-2,-1.39,1,0,2,1,0,0,0,0,2,0,14.29,0,0,0,28.57,0,0,14.29
but handsome is as handsome does we say.,thetwotowers,8,0,1,0,1.59,0,0,0,0,0,0,0,0,0,0,0,0,0,0,0,0,0,0
but i fear that worse awaits him.',thetwotowers,7,-6,-2,-2,-1.49,1,0,0,2,0,1,0,0,2,0,14.29,14.29,0,0,0,0,0,28.57
but i wish i could make a song about her.,thetwotowers,10,1,0,0,-1.42,0,0,0,0,0,0,0,0,0,0,0,0,0,0,0,0,0,0
but why should i wish to leave?,thetwotowers,7,0,0,-1,-1.91,0,0,0,0,0,1,1,0,1,0,0,14.29,0,0,0,0,14.29,0
helps nice master.,thetwotowers,3,5,2,1,1.33,0,0,0,0,0,0,0,0,0,1,0,0,0,0,0,0,0,0
"there is no grief in that; but think-there is someone loose hereabouts as is more dangerous than any other damned rebel that ever walked since the bad old times, since the great siege.",thetwotowers,34,-10,-5,-5,-1.46,2,0,1,3,0,2,0,0,5,0,5.88,5.88,0,0,2.94,0,0,8.82
but haste was all in vain.,treasureisland,6,0,-2,0,-1.47,0,1,0,0,0,0,0,0,0,0,0,0,0,16.67,0,0,0,0
and the more horrible the death the more ridiculous they seem.,tropicofcancer,11,-8,-3,-3,-1.4,3,1,3,2,0,1,1,0,3,0,27.27,9.09,0,9.09,27.27,0,9.09,18.18
"i am crying for more and more disasters, for bigger calamities, for grander failures.",tropicofcancer,14,-6,-2,-1,-1.44,0,0,0,0,0,1,0,0,1,0,0,7.14,0,0,0,0,0,0
"it was ordained that the women must suffer, that off-stage there should be more terror and violence, more disasters, more suffering, more woe and misery.",tropicofcancer,26,-14,-5,-5,-1.71,2,0,3,5,0,4,0,1,6,1,7.69,15.38,0,0,11.54,3.85,0,19.23
"there will be more calamities, more death, more despair.",tropicofcancer,9,-5,-3,-2,-1.5,2,1,2,2,0,2,1,0,2,0,22.22,22.22,0,11.11,22.22,0,11.11,22.22
"yes, her fingers are very supple, extraordinarily supple.",tropicofcancer,8,1,2,0,1.36,0,0,0,0,0,0,0,0,0,0,0,0,0,0,0,0,0,0
but he had been too much for me.,waspfactory,8,0,0,0,-1.59,0,0,0,0,0,0,0,0,0,0,0,0,0,0,0,0,0,0
"i sat cross-legged just by the blaze, staring into it from up-wind until it was out and only the metal of the black destroyer remained, then i took the sooty skeleton and buried it where it had been ruined, at the bottom of the hill.",waspfactory,47,-2,-2,-8,-0.27,4,0,1,4,0,5,0,0,8,0,8.51,10.64,0,0,2.13,0,0,8.51
